M4,1428438991
M4,1428438875
M4,1428438406
M4,1428438158
M4,1428435104
M4,1428424961
M4,1428418361
M4,1428418008
M4,1428416981
M4,1428414701
M4,1428377640
M4,1428375807
M4,1428375637
M4,1426446251
M4,1425419759
M4,1425419514
M4,1425419316
M4,1425419244
M4,1425419155
M4,1425419041
M4,1423280773
M4,1423191330
M1,1428438939
M1,1428436944
M1,1428434519
M1,1428419076
M1,1428417674
M1,1428378626
M1,1428374022
M1,1428373941
M1,1428372918
M1,1428114212
M1,1428111357
M1,1427417866
M1,1427417826
M1,1427332897
M1,1427087904
M1,1427066964
M1,1427066932
M1,1425426189
M1,1425426084
M1,1423221978
M1,1423221939
M1,1423221508
M1,1423221468
M1,1423220949
M1,1423213975
M1,1423209406
M1,1423133942
M1,1423190825
M1,1423132852
M1,1423130872
M1,1423130428
M1,1422991584
M1,1422835525
M2,1428613428
M2,1428437628
M2,1428437599
M2,1428435634
M2,1428435619
M2,1428430009
M2,1428429986
M2,1428429276
M2,1428421441
M2,1428418574
M2,1428418541
M2,1428417615
M2,1428416852
M2,1428365007
M2,1428363024
M2,1428362908
M2,1428353691
M2,1428344465
M2,1428344400
M2,1428340362
M2,1428284336
M2,1428282662
M2,1428280301
M2,1428268320
M2,1428263952
M2,1428263919
M2,1428263781
M2,1427602531
M2,1427601799
M2,1427336902
M2,1427336813
M2,1426277323
M2,1426277214
M2,1425597447
M2,1425594960
M2,1425593653
M2,1425590426
M2,1425589316
M2,1424900447
M2,1424899298
M2,1424899111
M2,1424665805
M2,1424633591
M2,1424633403
M2,1424631379
M2,1424551774
M2,1424550123
M2,1424548674
M2,1424546079
M2,1424389969
M2,1424389962
M2,1424383740
M2,1424382571
M2,1424382061
M2,1424380385
M2,1424380158
M2,1424282655
M2,1424055992
M2,1424052768
M2,1424016528
M2,1424016358
M2,1423202235
M2,1423200755
M2,1423200708
M2,1423182974
M2,1423182495
M2,1423176939
M2,1423171428
M3,1428529195
M3,1428434932
M3,1428429607
M3,1428421795
M3,1428421554
M3,1428421390
M3,1428418979
M3,1428367373
M3,1428366661
M3,1428366562
M3,1428366246
M3,1428366152
M3,1428365965
M3,1428286315
M3,1428285192
M3,1428284613
M3,1428280171
M3,1428267616
M3,1428267596
M3,1428259529
M3,1428111442
M3,1428109282
M3,1428107965
M3,1427846888
M3,1427838841
M3,1427838437
M3,1425679568
M3,1425679548
M3,1425678351
M3,1425678235
M3,1424640713
M3,1424640685
M3,1424640645
M3,1424640581
M3,1424640549
M3,1424640503
M3,1424640451
M3,1424640430
M3,1424640373
M3,1424640324
M3,1424633464
M3,1424631395
M3,1424631177
M3,1424581223
M3,1424580298
M3,1424579458
M3,1424578843
M3,1424578810
M3,1424578767
M3,1424578708
M3,1424384053
M3,1424383785
M3,1424383778
M3,1424382693
M3,1424382684
M3,1423360447
M3,1423354061
M3,1423353948
M3,1423351852
